{"cameraMode":{"drawMode":0,"name":"Shaded","section":"Shading Mode"},"sceneLighting":true,"audioPlay":false,"sceneViewState":{"showFog":true,"showMaterialUpdate":false,"showSkybox":true,"showFlares":true,"showImageEffects":true,"showParticleSystems":true},"in2DMode":false,"pivot":{"x":-21.617321014404298,"y":27.418739318847658,"z":-33.199737548828128},"rotation":{"x":-0.18493954837322236,"y":-0.2739153206348419,"z":0.053770165890455249,"w":-0.9422666430473328},"size":10.237529754638672,"orthographic":false}